country,year,house_price_index,rent_index,affordability_ratio,mortgage_rate,inflation_rate,gdp_growth,population_growth,urbanization_rate,construction_index,corr_price_mortgage,corr_price_inflation,corr_price_gdp,corr_price_population,corr_price_urbanization,corr_price_construction,avg_price_after_2021,avg_price_before_2021,percent change,price_volatility
USA,2015,117.454,116.55,9.5879,4.4933,1.5141,-0.752,-0.7967,85.9853,118.0892,-0.06778322317542156,-0.6150024836681462,0.4702331146454645,0.20355308065407,0.23772724554609131,0.09127886463168676,112.85243333333334,131.3404,-14.076374570708367,21.097193457553647
USA,2016,150.8073,51.4409,11.7292,5.6622,1.8802,-0.5454,-0.3581,69.1273,111.9805,-0.06778322317542156,-0.6150024836681462,0.4702331146454645,0.20355308065407,0.23772724554609131,0.09127886463168676,112.85243333333334,131.3404,-14.076374570708367,21.097193457553647
USA,2017,123.1945,70.386,8.5067,2.1975,2.3989,0.9309,0.5962,83.5553,85.9739,-0.06778322317542156,-0.6150024836681462,0.4702331146454645,0.20355308065407,0.23772724554609131,0.09127886463168676,112.85243333333334,131.3404,-14.076374570708367,21.097193457553647
USA,2018,131.4234,91.469,3.4181,4.5377,1.6084,-1.4796,2.3211,88.969,134.6718,-0.06778322317542156,-0.6150024836681462,0.4702331146454645,0.20355308065407,0.23772724554609131,0.09127886463168676,112.85243333333334,131.3404,-14.076374570708367,21.097193457553647
USA,2019,110.4614,56.837,9.1581,3.7008,1.2932,1.9614,-0.8796,87.2796,90.7024,-0.06778322317542156,-0.6150024836681462,0.4702331146454645,0.20355308065407,0.23772724554609131,0.09127886463168676,112.85243333333334,131.3404,-14.076374570708367,21.097193457553647
USA,2020,146.2522,71.8198,7.6806,4.2336,1.7016,5.7567,1.713,88.185,141.5862,-0.06778322317542156,-0.6150024836681462,0.4702331146454645,0.20355308065407,0.23772724554609131,0.09127886463168676,112.85243333333334,131.3404,-14.076374570708367,21.097193457553647
USA,2021,139.79,114.5312,3.7964,2.4799,0.794,0.6026,0.3604,68.1405,136.299,-0.06778322317542156,-0.6150024836681462,0.4702331146454645,0.20355308065407,0.23772724554609131,0.09127886463168676,112.85243333333334,131.3404,-14.076374570708367,21.097193457553647
USA,2022,115.6753,69.6654,7.8843,2.2046,5.7143,-1.4036,2.4541,83.1673,85.8973,-0.06778322317542156,-0.6150024836681462,0.4702331146454645,0.20355308065407,0.23772724554609131,0.09127886463168676,112.85243333333334,131.3404,-14.076374570708367,21.097193457553647
USA,2023,80.5522,107.0823,9.3617,5.145,5.5133,-1.4076,0.2546,63.4761,139.0483,-0.06778322317542156,-0.6150024836681462,0.4702331146454645,0.20355308065407,0.23772724554609131,0.09127886463168676,112.85243333333334,131.3404,-14.076374570708367,21.097193457553647
USA,2024,142.3298,73.1629,3.572,3.0549,2.6137,3.8368,1.2315,86.6164,107.7772,-0.06778322317542156,-0.6150024836681462,0.4702331146454645,0.20355308065407,0.23772724554609131,0.09127886463168676,112.85243333333334,131.3404,-14.076374570708367,21.097193457553647
Canada,2015,91.9594,99.9271,9.8471,4.3064,5.5113,1.9504,0.8296,72.8262,72.0335,0.22768429437059406,-0.11332528729686751,-0.6015470987180465,-0.27814675189498084,-0.29107974907125245,0.6047688160048965,117.98570000000001,109.55587142857144,7.694547504854341,25.377299893049653
Canada,2016,90.7891,52.2,8.7277,3.0718,3.8057,5.2605,-0.1275,72.3115,130.4441,0.22768429437059406,-0.11332528729686751,-0.6015470987180465,-0.27814675189498084,-0.29107974907125245,0.6047688160048965,117.98570000000001,109.55587142857144,7.694547504854341,25.377299893049653
Canada,2017,102.8798,55.3886,5.6078,2.3061,6.543,4.465,1.2169,86.1438,134.2938,0.22768429437059406,-0.11332528729686751,-0.6015470987180465,-0.27814675189498084,-0.29107974907125245,0.6047688160048965,117.98570000000001,109.55587142857144,7.694547504854341,25.377299893049653
Canada,2018,98.657,112.4791,7.8541,5.5372,6.3246,0.544,-0.6148,66.8381,104.1686,0.22768429437059406,-0.11332528729686751,-0.6015470987180465,-0.27814675189498084,-0.29107974907125245,0.6047688160048965,117.98570000000001,109.55587142857144,7.694547504854341,25.377299893049653
Canada,2019,161.8015,110.2511,3.0626,4.0537,3.2132,-0.2231,-0.5805,70.1285,145.4328,0.22768429437059406,-0.11332528729686751,-0.6015470987180465,-0.27814675189498084,-0.29107974907125245,0.6047688160048965,117.98570000000001,109.55587142857144,7.694547504854341,25.377299893049653
Canada,2020,112.3203,86.3153,9.3272,3.3181,6.8166,5.6996,-0.1188,74.9175,94.0703,0.22768429437059406,-0.11332528729686751,-0.6015470987180465,-0.27814675189498084,-0.29107974907125245,0.6047688160048965,117.98570000000001,109.55587142857144,7.694547504854341,25.377299893049653
Canada,2021,108.484,52.5821,8.4861,4.0134,0.8346,0.2292,2.1789,67.1869,81.5916,0.22768429437059406,-0.11332528729686751,-0.6015470987180465,-0.27814675189498084,-0.29107974907125245,0.6047688160048965,117.98570000000001,109.55587142857144,7.694547504854341,25.377299893049653
Canada,2022,128.9453,118.9955,5.1785,4.8607,5.4505,-0.0989,1.5488,71.0335,120.5845,0.22768429437059406,-0.11332528729686751,-0.6015470987180465,-0.27814675189498084,-0.29107974907125245,0.6047688160048965,117.98570000000001,109.55587142857144,7.694547504854341,25.377299893049653
Canada,2023,143.353,87.5042,3.8126,5.6765,2.5851,-0.5079,-0.8573,77.7268,124.2051,0.22768429437059406,-0.11332528729686751,-0.6015470987180465,-0.27814675189498084,-0.29107974907125245,0.6047688160048965,117.98570000000001,109.55587142857144,7.694547504854341,25.377299893049653
Canada,2024,81.6588,85.8465,5.0385,4.7259,1.6334,3.5275,0.3536,88.1019,81.0017,0.22768429437059406,-0.11332528729686751,-0.6015470987180465,-0.27814675189498084,-0.29107974907125245,0.6047688160048965,117.98570000000001,109.55587142857144,7.694547504854341,25.377299893049653
UK,2015,114.1066,57.9431,11.3222,5.8867,2.1766,3.2799,1.8603,76.656,112.372,-0.1404128431514144,-0.0069531680777829485,0.4515651557214659,-0.01121866520679742,-0.6642756675439799,-0.5731858936683117,153.71166666666667,121.40198571428571,26.613799405571818,30.48646343803718
UK,2016,104.1852,56.5172,11.0749,6.0021,4.6152,0.7122,0.2222,81.7787,141.7688,-0.1404128431514144,-0.0069531680777829485,0.4515651557214659,-0.01121866520679742,-0.6642756675439799,-0.5731858936683117,153.71166666666667,121.40198571428571,26.613799405571818,30.48646343803718
UK,2017,168.7086,104.5913,8.7783,1.9207,1.5506,5.1884,1.1225,60.2759,78.1177,-0.1404128431514144,-0.0069531680777829485,0.4515651557214659,-0.01121866520679742,-0.6642756675439799,-0.5731858936683117,153.71166666666667,121.40198571428571,26.613799405571818,30.48646343803718
UK,2018,146.3502,50.3543,4.4473,4.2437,4.9973,3.2157,-0.2151,81.3654,88.9799,-0.1404128431514144,-0.0069531680777829485,0.4515651557214659,-0.01121866520679742,-0.6642756675439799,-0.5731858936683117,153.71166666666667,121.40198571428571,26.613799405571818,30.48646343803718
UK,2019,112.54,102.2544,8.8467,5.7461,4.7745,2.5465,-0.6721,71.0315,91.2162,-0.1404128431514144,-0.0069531680777829485,0.4515651557214659,-0.01121866520679742,-0.6642756675439799,-0.5731858936683117,153.71166666666667,121.40198571428571,26.613799405571818,30.48646343803718
UK,2020,104.399,118.1107,6.5379,5.9602,4.6024,4.3585,0.7592,77.3071,109.4014,-0.1404128431514144,-0.0069531680777829485,0.4515651557214659,-0.01121866520679742,-0.6642756675439799,-0.5731858936683117,153.71166666666667,121.40198571428571,26.613799405571818,30.48646343803718
UK,2021,99.5243,100.5716,5.527,1.6216,4.6956,-0.5831,2.2916,88.6179,143.1892,-0.1404128431514144,-0.0069531680777829485,0.4515651557214659,-0.01121866520679742,-0.6642756675439799,-0.5731858936683117,153.71166666666667,121.40198571428571,26.613799405571818,30.48646343803718
UK,2022,117.0159,51.082,11.3549,3.6409,6.7833,5.709,1.9855,68.8335,100.8078,-0.1404128431514144,-0.0069531680777829485,0.4515651557214659,-0.01121866520679742,-0.6642756675439799,-0.5731858936683117,153.71166666666667,121.40198571428571,26.613799405571818,30.48646343803718
UK,2023,165.1137,72.1845,4.5254,4.284,6.585,3.5682,0.9952,62.9153,119.2006,-0.1404128431514144,-0.0069531680777829485,0.4515651557214659,-0.01121866520679742,-0.6642756675439799,-0.5731858936683117,153.71166666666667,121.40198571428571,26.613799405571818,30.48646343803718
UK,2024,179.0054,59.8059,7.665,5.8869,5.315,3.5761,1.4587,70.7847,93.4873,-0.1404128431514144,-0.0069531680777829485,0.4515651557214659,-0.01121866520679742,-0.6642756675439799,-0.5731858936683117,153.71166666666667,121.40198571428571,26.613799405571818,30.48646343803718
Germany,2015,160.9361,106.7079,10.8037,6.0662,3.8237,2.0121,1.794,79.4989,126.1574,0.013881804093057186,-0.569116240637584,-0.020527039426969394,0.2861120233262827,0.3369705613409355,-0.45947855486421807,118.19216666666667,141.0665,-16.215283808227557,31.94962248752801
Germany,2016,159.5793,112.3004,6.042,3.3779,1.1109,2.6262,-0.8742,73.9679,113.4116,0.013881804093057186,-0.569116240637584,-0.020527039426969394,0.2861120233262827,0.3369705613409355,-0.45947855486421807,118.19216666666667,141.0665,-16.215283808227557,31.94962248752801
Germany,2017,108.6541,91.3583,3.2745,1.6867,5.8469,0.8815,-0.5553,75.6673,131.5995,0.013881804093057186,-0.569116240637584,-0.020527039426969394,0.2861120233262827,0.3369705613409355,-0.45947855486421807,118.19216666666667,141.0665,-16.215283808227557,31.94962248752801
Germany,2018,101.5821,93.6023,3.7681,1.7584,3.9538,2.3251,1.231,81.7827,148.0682,0.013881804093057186,-0.569116240637584,-0.020527039426969394,0.2861120233262827,0.3369705613409355,-0.45947855486421807,118.19216666666667,141.0665,-16.215283808227557,31.94962248752801
Germany,2019,131.63,72.607,10.1567,2.8542,3.3533,-1.3723,-0.9113,88.8795,136.8784,0.013881804093057186,-0.569116240637584,-0.020527039426969394,0.2861120233262827,0.3369705613409355,-0.45947855486421807,118.19216666666667,141.0665,-16.215283808227557,31.94962248752801
Germany,2020,149.5974,78.6267,4.5596,2.2822,2.1266,2.3938,1.5011,79.8059,92.3947,0.013881804093057186,-0.569116240637584,-0.020527039426969394,0.2861120233262827,0.3369705613409355,-0.45947855486421807,118.19216666666667,141.0665,-16.215283808227557,31.94962248752801
Germany,2021,175.4865,101.6528,7.9892,4.5586,3.2274,-0.0182,0.2459,82.7354,71.1515,0.013881804093057186,-0.569116240637584,-0.020527039426969394,0.2861120233262827,0.3369705613409355,-0.45947855486421807,118.19216666666667,141.0665,-16.215283808227557,31.94962248752801
Germany,2022,91.6073,53.2202,3.3666,5.7773,5.0738,1.7934,-0.6576,74.7485,107.8777,0.013881804093057186,-0.569116240637584,-0.020527039426969394,0.2861120233262827,0.3369705613409355,-0.45947855486421807,118.19216666666667,141.0665,-16.215283808227557,31.94962248752801
Germany,2023,97.3202,80.3696,6.5865,4.5793,4.6281,-1.6376,0.3111,78.7758,110.2509,0.013881804093057186,-0.569116240637584,-0.020527039426969394,0.2861120233262827,0.3369705613409355,-0.45947855486421807,118.19216666666667,141.0665,-16.215283808227557,31.94962248752801
Germany,2024,165.649,96.1086,4.4664,1.8528,4.6757,-1.7879,1.0502,88.2069,116.0379,0.013881804093057186,-0.569116240637584,-0.020527039426969394,0.2861120233262827,0.3369705613409355,-0.45947855486421807,118.19216666666667,141.0665,-16.215283808227557,31.94962248752801
France,2015,118.817,95.0302,7.1243,4.2281,6.6195,1.0888,2.3642,87.1605,85.6633,0.46703864958165503,-0.2200097883920279,0.7454215463757173,0.30257708298458524,0.0853232608472507,-0.17701869441608775,149.97593333333333,134.78874285714286,11.267402717960472,31.031672995792178
France,2016,86.9361,57.0545,3.164,1.9722,4.9395,-1.4305,0.1164,85.3463,71.8618,0.46703864958165503,-0.2200097883920279,0.7454215463757173,0.30257708298458524,0.0853232608472507,-0.17701869441608775,149.97593333333333,134.78874285714286,11.267402717960472,31.031672995792178
France,2017,161.4468,69.7298,4.0635,4.9837,4.5881,5.0198,1.5727,84.1044,92.5628,0.46703864958165503,-0.2200097883920279,0.7454215463757173,0.30257708298458524,0.0853232608472507,-0.17701869441608775,149.97593333333333,134.78874285714286,11.267402717960472,31.031672995792178
France,2018,97.744,102.543,10.2615,6.4525,3.182,0.9761,1.7174,70.2241,144.4606,0.46703864958165503,-0.2200097883920279,0.7454215463757173,0.30257708298458524,0.0853232608472507,-0.17701869441608775,149.97593333333333,134.78874285714286,11.267402717960472,31.031672995792178
France,2019,165.8413,80.0296,9.7578,5.2727,1.1703,5.2204,0.7684,84.7937,95.604,0.46703864958165503,-0.2200097883920279,0.7454215463757173,0.30257708298458524,0.0853232608472507,-0.17701869441608775,149.97593333333333,134.78874285714286,11.267402717960472,31.031672995792178
France,2020,169.5523,77.2441,3.0975,6.0269,1.0934,0.5545,2.3252,88.5182,115.875,0.46703864958165503,-0.2200097883920279,0.7454215463757173,0.30257708298458524,0.0853232608472507,-0.17701869441608775,149.97593333333333,134.78874285714286,11.267402717960472,31.031672995792178
France,2021,143.1837,81.3912,5.6389,3.1433,4.8714,4.019,1.7705,83.6885,77.2965,0.46703864958165503,-0.2200097883920279,0.7454215463757173,0.30257708298458524,0.0853232608472507,-0.17701869441608775,149.97593333333333,134.78874285714286,11.267402717960472,31.031672995792178
France,2022,129.442,54.0291,7.9458,3.7077,6.2701,0.8073,-0.5903,64.2898,130.9209,0.46703864958165503,-0.2200097883920279,0.7454215463757173,0.30257708298458524,0.0853232608472507,-0.17701869441608775,149.97593333333333,134.78874285714286,11.267402717960472,31.031672995792178
France,2023,141.8218,57.0786,3.757,5.0048,0.973,4.5749,1.4718,62.4405,76.787,0.46703864958165503,-0.2200097883920279,0.7454215463757173,0.30257708298458524,0.0853232608472507,-0.17701869441608775,149.97593333333333,134.78874285714286,11.267402717960472,31.031672995792178
France,2024,178.664,76.199,6.3358,5.564,6.6571,5.888,1.6368,71.2878,76.6801,0.46703864958165503,-0.2200097883920279,0.7454215463757173,0.30257708298458524,0.0853232608472507,-0.17701869441608775,149.97593333333333,134.78874285714286,11.267402717960472,31.031672995792178
Italy,2015,157.7147,89.0883,6.818,6.0318,1.2228,1.941,-0.9603,74.0598,74.5043,-0.560218579500173,0.24420859585750446,-0.2650826858574111,-0.4674776654849158,0.3304795135106236,-0.15582401177510663,174.5232,119.38491428571426,46.185304101595065,35.48204554578743
Italy,2016,91.8818,58.2268,8.8429,5.2302,4.2919,5.6974,0.312,68.5714,139.4879,-0.560218579500173,0.24420859585750446,-0.2650826858574111,-0.4674776654849158,0.3304795135106236,-0.15582401177510663,174.5232,119.38491428571426,46.185304101595065,35.48204554578743
Italy,2017,102.3596,117.4256,3.1094,6.3494,0.7805,5.1291,0.847,89.7889,75.9037,-0.560218579500173,0.24420859585750446,-0.2650826858574111,-0.4674776654849158,0.3304795135106236,-0.15582401177510663,174.5232,119.38491428571426,46.185304101595065,35.48204554578743
Italy,2018,135.3854,117.8512,7.7079,4.647,5.0224,1.6363,1.1965,77.5294,142.0926,-0.560218579500173,0.24420859585750446,-0.2650826858574111,-0.4674776654849158,0.3304795135106236,-0.15582401177510663,174.5232,119.38491428571426,46.185304101595065,35.48204554578743
Italy,2019,84.5446,69.6674,11.5537,5.9513,3.4618,2.9611,-0.0292,65.6436,107.0959,-0.560218579500173,0.24420859585750446,-0.2650826858574111,-0.4674776654849158,0.3304795135106236,-0.15582401177510663,174.5232,119.38491428571426,46.185304101595065,35.48204554578743
Italy,2020,115.3352,90.8559,3.6996,6.372,6.9104,3.5853,0.8763,69.2858,135.1036,-0.560218579500173,0.24420859585750446,-0.2650826858574111,-0.4674776654849158,0.3304795135106236,-0.15582401177510663,174.5232,119.38491428571426,46.185304101595065,35.48204554578743
Italy,2021,148.4731,61.3832,11.1983,5.6127,6.6737,3.8058,1.147,72.5473,144.6183,-0.560218579500173,0.24420859585750446,-0.2650826858574111,-0.4674776654849158,0.3304795135106236,-0.15582401177510663,174.5232,119.38491428571426,46.185304101595065,35.48204554578743
Italy,2022,166.6064,53.1653,3.2373,3.3823,5.7686,5.8982,-0.4735,77.8239,100.4713,-0.560218579500173,0.24420859585750446,-0.2650826858574111,-0.4674776654849158,0.3304795135106236,-0.15582401177510663,174.5232,119.38491428571426,46.185304101595065,35.48204554578743
Italy,2023,176.9914,108.9483,10.545,3.8435,3.1963,0.1873,-0.8027,85.9417,135.0321,-0.560218579500173,0.24420859585750446,-0.2650826858574111,-0.4674776654849158,0.3304795135106236,-0.15582401177510663,174.5232,119.38491428571426,46.185304101595065,35.48204554578743
Italy,2024,179.9718,119.7646,7.9989,5.3449,6.641,4.7972,-0.1343,73.5163,80.3328,-0.560218579500173,0.24420859585750446,-0.2650826858574111,-0.4674776654849158,0.3304795135106236,-0.15582401177510663,174.5232,119.38491428571426,46.185304101595065,35.48204554578743
Spain,2015,175.4051,92.4322,5.0578,4.8585,4.5178,0.8653,-0.6025,80.1472,111.6246,0.27920445965138485,-0.0041602029019998914,-0.36038156663347826,-0.7419565168801052,0.447539890128754,-0.4511372944454787,110.86506666666666,140.0426857142857,-20.83480397337356,32.78185537014169
Spain,2016,157.2318,86.4114,10.6696,4.2595,4.1461,5.0132,0.4122,64.0205,72.3026,0.27920445965138485,-0.0041602029019998914,-0.36038156663347826,-0.7419565168801052,0.447539890128754,-0.4511372944454787,110.86506666666666,140.0426857142857,-20.83480397337356,32.78185537014169
Spain,2017,155.5137,93.4217,9.3367,2.5648,1.3864,-1.8836,0.2271,77.6975,101.3795,0.27920445965138485,-0.0041602029019998914,-0.36038156663347826,-0.7419565168801052,0.447539890128754,-0.4511372944454787,110.86506666666666,140.0426857142857,-20.83480397337356,32.78185537014169
Spain,2018,123.7475,113.2911,6.1343,4.0699,5.5937,1.1723,1.1773,85.8709,145.9616,0.27920445965138485,-0.0041602029019998914,-0.36038156663347826,-0.7419565168801052,0.447539890128754,-0.4511372944454787,110.86506666666666,140.0426857142857,-20.83480397337356,32.78185537014169
Spain,2019,94.7073,114.8611,7.429,2.7912,3.4844,5.8403,0.7242,69.8625,120.6721,0.27920445965138485,-0.0041602029019998914,-0.36038156663347826,-0.7419565168801052,0.447539890128754,-0.4511372944454787,110.86506666666666,140.0426857142857,-20.83480397337356,32.78185537014169
Spain,2020,104.0146,55.3104,4.1599,2.1402,1.4874,-0.8894,1.2431,65.4564,97.6534,0.27920445965138485,-0.0041602029019998914,-0.36038156663347826,-0.7419565168801052,0.447539890128754,-0.4511372944454787,110.86506666666666,140.0426857142857,-20.83480397337356,32.78185537014169
Spain,2021,169.6788,83.1773,9.008,2.3616,1.7499,-1.6731,-0.4087,68.3577,84.1608,0.27920445965138485,-0.0041602029019998914,-0.36038156663347826,-0.7419565168801052,0.447539890128754,-0.4511372944454787,110.86506666666666,140.0426857142857,-20.83480397337356,32.78185537014169
Spain,2022,88.8703,58.4445,7.147,2.5317,2.8678,2.0273,1.4164,61.1794,133.9528,0.27920445965138485,-0.0041602029019998914,-0.36038156663347826,-0.7419565168801052,0.447539890128754,-0.4511372944454787,110.86506666666666,140.0426857142857,-20.83480397337356,32.78185537014169
Spain,2023,142.79,55.7231,10.8622,6.1044,0.897,0.215,1.8217,82.4478,84.7617,0.27920445965138485,-0.0041602029019998914,-0.36038156663347826,-0.7419565168801052,0.447539890128754,-0.4511372944454787,110.86506666666666,140.0426857142857,-20.83480397337356,32.78185537014169
Spain,2024,100.9349,75.933,7.3607,4.5913,2.8979,1.7003,1.6161,61.1005,90.195,0.27920445965138485,-0.0041602029019998914,-0.36038156663347826,-0.7419565168801052,0.447539890128754,-0.4511372944454787,110.86506666666666,140.0426857142857,-20.83480397337356,32.78185537014169
Australia,2015,151.335,112.6645,7.6051,4.1606,1.1966,1.5793,0.8642,67.2741,91.5395,0.3208755237617623,0.34855619539819543,0.056621592875497825,0.014044174440371857,-0.5429055717565855,0.22256885008776178,119.15509999999999,142.8657142857143,-16.596434213947173,28.15908201112033
Australia,2016,117.7284,51.405,5.8987,2.5572,2.6287,-1.0419,2.1168,77.8078,124.3282,0.3208755237617623,0.34855619539819543,0.056621592875497825,0.014044174440371857,-0.5429055717565855,0.22256885008776178,119.15509999999999,142.8657142857143,-16.596434213947173,28.15908201112033
Australia,2017,158.9171,84.891,3.7823,4.1855,4.3145,3.9635,0.5108,63.8274,92.7021,0.3208755237617623,0.34855619539819543,0.056621592875497825,0.014044174440371857,-0.5429055717565855,0.22256885008776178,119.15509999999999,142.8657142857143,-16.596434213947173,28.15908201112033
Australia,2018,116.3082,95.2142,8.137,3.2805,6.9123,2.8462,-0.1697,63.0535,82.2287,0.3208755237617623,0.34855619539819543,0.056621592875497825,0.014044174440371857,-0.5429055717565855,0.22256885008776178,119.15509999999999,142.8657142857143,-16.596434213947173,28.15908201112033
Australia,2019,104.5958,61.2477,4.6791,2.9255,1.6269,5.1741,-0.7192,75.7353,102.8317,0.3208755237617623,0.34855619539819543,0.056621592875497825,0.014044174440371857,-0.5429055717565855,0.22256885008776178,119.15509999999999,142.8657142857143,-16.596434213947173,28.15908201112033
Australia,2020,178.2379,57.8427,6.5807,6.3474,6.1258,4.5366,-0.0973,65.1266,123.4915,0.3208755237617623,0.34855619539819543,0.056621592875497825,0.014044174440371857,-0.5429055717565855,0.22256885008776178,119.15509999999999,142.8657142857143,-16.596434213947173,28.15908201112033
Australia,2021,172.9376,88.9734,8.1445,2.8999,5.5017,-0.5037,0.1329,72.7631,110.6088,0.3208755237617623,0.34855619539819543,0.056621592875497825,0.014044174440371857,-0.5429055717565855,0.22256885008776178,119.15509999999999,142.8657142857143,-16.596434213947173,28.15908201112033
Australia,2022,104.241,58.0386,8.4956,2.9432,4.278,-0.7651,0.684,75.9777,74.1459,0.3208755237617623,0.34855619539819543,0.056621592875497825,0.014044174440371857,-0.5429055717565855,0.22256885008776178,119.15509999999999,142.8657142857143,-16.596434213947173,28.15908201112033
Australia,2023,113.6604,59.409,3.5704,6.4498,2.5953,4.479,-0.1088,80.4451,130.8182,0.3208755237617623,0.34855619539819543,0.056621592875497825,0.014044174440371857,-0.5429055717565855,0.22256885008776178,119.15509999999999,142.8657142857143,-16.596434213947173,28.15908201112033
Australia,2024,139.5639,83.0103,6.7066,3.2443,6.5419,4.645,2.3776,63.7289,128.4694,0.3208755237617623,0.34855619539819543,0.056621592875497825,0.014044174440371857,-0.5429055717565855,0.22256885008776178,119.15509999999999,142.8657142857143,-16.596434213947173,28.15908201112033
India,2015,173.834,62.6863,3.5985,5.2056,4.2341,4.7346,-0.5108,83.858,86.1302,0.263818152515985,-0.0019186782314507492,0.08599523372866147,-0.6201980220150861,0.30199368856791065,-0.3541961085247276,113.4708,138.1706,-17.876306536991233,25.00115677426858
India,2016,96.3656,61.4986,10.3312,4.826,3.8999,0.8706,2.0702,71.7734,135.328,0.263818152515985,-0.0019186782314507492,0.08599523372866147,-0.6201980220150861,0.30199368856791065,-0.3541961085247276,113.4708,138.1706,-17.876306536991233,25.00115677426858
India,2017,123.9135,76.3861,7.1641,3.0069,5.3595,2.0218,-0.1873,86.9872,100.7113,0.263818152515985,-0.0019186782314507492,0.08599523372866147,-0.6201980220150861,0.30199368856791065,-0.3541961085247276,113.4708,138.1706,-17.876306536991233,25.00115677426858
India,2018,134.3553,113.453,8.6181,2.0845,6.6089,3.0217,0.1722,64.1782,133.522,0.263818152515985,-0.0019186782314507492,0.08599523372866147,-0.6201980220150861,0.30199368856791065,-0.3541961085247276,113.4708,138.1706,-17.876306536991233,25.00115677426858
India,2019,142.0073,87.3423,11.045,5.443,1.4859,0.4938,-0.1303,82.3184,72.6826,0.263818152515985,-0.0019186782314507492,0.08599523372866147,-0.6201980220150861,0.30199368856791065,-0.3541961085247276,113.4708,138.1706,-17.876306536991233,25.00115677426858
India,2020,136.989,103.3721,10.8909,3.2104,5.8382,-1.1149,1.9626,63.8247,101.783,0.263818152515985,-0.0019186782314507492,0.08599523372866147,-0.6201980220150861,0.30199368856791065,-0.3541961085247276,113.4708,138.1706,-17.876306536991233,25.00115677426858
India,2021,159.7295,60.4942,5.0633,5.1113,5.1802,3.1292,1.4288,76.2817,90.1439,0.263818152515985,-0.0019186782314507492,0.08599523372866147,-0.6201980220150861,0.30199368856791065,-0.3541961085247276,113.4708,138.1706,-17.876306536991233,25.00115677426858
India,2022,114.5696,62.7118,11.1761,4.417,3.1055,1.696,2.3155,64.6005,116.8984,0.263818152515985,-0.0019186782314507492,0.08599523372866147,-0.6201980220150861,0.30199368856791065,-0.3541961085247276,113.4708,138.1706,-17.876306536991233,25.00115677426858
India,2023,130.5889,92.8018,3.163,5.8606,6.5588,2.5211,1.4383,87.675,126.5791,0.263818152515985,-0.0019186782314507492,0.08599523372866147,-0.6201980220150861,0.30199368856791065,-0.3541961085247276,113.4708,138.1706,-17.876306536991233,25.00115677426858
India,2024,95.2539,90.3402,8.4604,3.6207,5.2869,5.4749,2.2395,73.5252,79.059,0.263818152515985,-0.0019186782314507492,0.08599523372866147,-0.6201980220150861,0.30199368856791065,-0.3541961085247276,113.4708,138.1706,-17.876306536991233,25.00115677426858
China,2015,178.4841,108.7229,4.122,6.1042,6.1543,2.1507,1.0695,71.9701,74.3809,0.5215103974806788,0.15793029768884842,-0.22557990561342134,0.47104671553628774,-0.37434785116863084,-0.30561627753506815,122.80470000000001,124.23905714285716,-1.1545138669298227,32.35608396286033
China,2016,113.5197,106.1997,3.0417,3.1675,3.0881,2.2992,2.2195,70.3904,97.7563,0.5215103974806788,0.15793029768884842,-0.22557990561342134,0.47104671553628774,-0.37434785116863084,-0.30561627753506815,122.80470000000001,124.23905714285716,-1.1545138669298227,32.35608396286033
China,2017,153.7501,81.6553,5.0214,3.7622,1.4156,-0.5889,0.7443,72.5678,143.1877,0.5215103974806788,0.15793029768884842,-0.22557990561342134,0.47104671553628774,-0.37434785116863084,-0.30561627753506815,122.80470000000001,124.23905714285716,-1.1545138669298227,32.35608396286033
China,2018,116.2394,90.6412,8.6904,1.5655,4.813,-0.5757,2.3637,64.4599,103.1699,0.5215103974806788,0.15793029768884842,-0.22557990561342134,0.47104671553628774,-0.37434785116863084,-0.30561627753506815,122.80470000000001,124.23905714285716,-1.1545138669298227,32.35608396286033
China,2019,88.535,119.7812,7.5198,4.4769,0.936,3.9997,-0.2653,86.9416,86.4112,0.5215103974806788,0.15793029768884842,-0.22557990561342134,0.47104671553628774,-0.37434785116863084,-0.30561627753506815,122.80470000000001,124.23905714285716,-1.1545138669298227,32.35608396286033
China,2020,99.0688,52.5585,7.2486,4.3242,0.9271,4.2042,0.5865,75.7317,105.261,0.5215103974806788,0.15793029768884842,-0.22557990561342134,0.47104671553628774,-0.37434785116863084,-0.30561627753506815,122.80470000000001,124.23905714285716,-1.1545138669298227,32.35608396286033
China,2021,120.0763,89.1748,4.3972,2.4096,6.1016,5.5689,0.3066,68.1223,121.52,0.5215103974806788,0.15793029768884842,-0.22557990561342134,0.47104671553628774,-0.37434785116863084,-0.30561627753506815,122.80470000000001,124.23905714285716,-1.1545138669298227,32.35608396286033
China,2022,120.8734,51.777,4.4054,5.0799,4.783,-1.7832,-0.2231,66.9322,123.7514,0.5215103974806788,0.15793029768884842,-0.22557990561342134,0.47104671553628774,-0.37434785116863084,-0.30561627753506815,122.80470000000001,124.23905714285716,-1.1545138669298227,32.35608396286033
China,2023,81.9711,57.2876,10.1992,2.3927,4.7428,-0.0945,-0.652,67.2952,127.7814,0.5215103974806788,0.15793029768884842,-0.22557990561342134,0.47104671553628774,-0.37434785116863084,-0.30561627753506815,122.80470000000001,124.23905714285716,-1.1545138669298227,32.35608396286033
China,2024,165.5696,108.1154,6.5747,4.8404,1.8324,0.3452,2.1372,60.3901,76.8407,0.5215103974806788,0.15793029768884842,-0.22557990561342134,0.47104671553628774,-0.37434785116863084,-0.30561627753506815,122.80470000000001,124.23905714285716,-1.1545138669298227,32.35608396286033
Japan,2015,100.7886,51.8573,4.6329,4.4152,3.2393,5.1414,1.8611,70.2545,90.7539,-0.36749635288107907,0.4654185931481888,-0.10310365835650322,-0.47859563792880605,-0.3310245977889041,-0.09285976072510743,143.09266666666667,113.4425142857143,26.136720053890933,28.474586021386393
Japan,2016,117.9692,91.3206,5.4126,4.6207,3.1612,2.4164,0.5264,68.834,145.8763,-0.36749635288107907,0.4654185931481888,-0.10310365835650322,-0.47859563792880605,-0.3310245977889041,-0.09285976072510743,143.09266666666667,113.4425142857143,26.136720053890933,28.474586021386393
Japan,2017,156.3606,59.8079,10.8162,3.9372,6.3146,4.3988,0.4882,60.6741,91.4942,-0.36749635288107907,0.4654185931481888,-0.10310365835650322,-0.47859563792880605,-0.3310245977889041,-0.09285976072510743,143.09266666666667,113.4425142857143,26.136720053890933,28.474586021386393
Japan,2018,134.1634,94.3435,5.321,2.1968,5.927,5.8752,0.8399,65.1504,91.7846,-0.36749635288107907,0.4654185931481888,-0.10310365835650322,-0.47859563792880605,-0.3310245977889041,-0.09285976072510743,143.09266666666667,113.4425142857143,26.136720053890933,28.474586021386393
Japan,2019,81.8391,114.0009,4.0598,4.3826,2.2814,2.4334,1.28,84.8923,86.5137,-0.36749635288107907,0.4654185931481888,-0.10310365835650322,-0.47859563792880605,-0.3310245977889041,-0.09285976072510743,143.09266666666667,113.4425142857143,26.136720053890933,28.474586021386393
Japan,2020,81.0996,59.582,11.1002,5.8695,4.3832,2.8041,1.3276,65.2611,143.153,-0.36749635288107907,0.4654185931481888,-0.10310365835650322,-0.47859563792880605,-0.3310245977889041,-0.09285976072510743,143.09266666666667,113.4425142857143,26.136720053890933,28.474586021386393
Japan,2021,121.8771,76.8197,7.6703,1.7348,1.5808,3.9043,-0.7102,78.0946,89.6279,-0.36749635288107907,0.4654185931481888,-0.10310365835650322,-0.47859563792880605,-0.3310245977889041,-0.09285976072510743,143.09266666666667,113.4425142857143,26.136720053890933,28.474586021386393
Japan,2022,118.9296,70.2086,6.2011,5.0952,2.4313,2.5312,0.6662,79.9101,144.9464,-0.36749635288107907,0.4654185931481888,-0.10310365835650322,-0.47859563792880605,-0.3310245977889041,-0.09285976072510743,143.09266666666667,113.4425142857143,26.136720053890933,28.474586021386393
Japan,2023,153.2572,65.0458,3.2806,2.8113,4.368,-1.5886,0.7373,77.9053,96.7395,-0.36749635288107907,0.4654185931481888,-0.10310365835650322,-0.47859563792880605,-0.3310245977889041,-0.09285976072510743,143.09266666666667,113.4425142857143,26.136720053890933,28.474586021386393
Japan,2024,157.0912,57.4619,3.6762,5.1409,3.7207,3.5072,0.5219,67.3921,135.5282,-0.36749635288107907,0.4654185931481888,-0.10310365835650322,-0.47859563792880605,-0.3310245977889041,-0.09285976072510743,143.09266666666667,113.4425142857143,26.136720053890933,28.474586021386393
Brazil,2015,159.9416,98.6288,5.4493,4.4512,2.8463,-1.2673,2.2106,64.1046,146.019,-0.5816572405873862,-0.42197547503499894,-0.11819805073541229,-0.16239357634033316,-0.31977068311274115,0.04096177261545056,140.02213333333333,144.39064285714286,-3.025479655306784,24.484668106771995
Brazil,2016,124.6006,62.9593,7.8771,5.8647,5.2595,4.4525,1.3057,80.7683,137.9357,-0.5816572405873862,-0.42197547503499894,-0.11819805073541229,-0.16239357634033316,-0.31977068311274115,0.04096177261545056,140.02213333333333,144.39064285714286,-3.025479655306784,24.484668106771995
Brazil,2017,104.9668,84.2597,4.9909,6.4383,6.6364,-1.6846,1.4695,87.7574,84.446,-0.5816572405873862,-0.42197547503499894,-0.11819805073541229,-0.16239357634033316,-0.31977068311274115,0.04096177261545056,140.02213333333333,144.39064285714286,-3.025479655306784,24.484668106771995
Brazil,2018,136.7945,114.0842,3.3055,4.9871,2.4328,5.3952,2.3987,88.328,107.9371,-0.5816572405873862,-0.42197547503499894,-0.11819805073541229,-0.16239357634033316,-0.31977068311274115,0.04096177261545056,140.02213333333333,144.39064285714286,-3.025479655306784,24.484668106771995
Brazil,2019,166.2043,109.1185,5.8719,5.6446,0.7405,2.7702,-0.195,63.617,76.1563,-0.5816572405873862,-0.42197547503499894,-0.11819805073541229,-0.16239357634033316,-0.31977068311274115,0.04096177261545056,140.02213333333333,144.39064285714286,-3.025479655306784,24.484668106771995
Brazil,2020,149.6289,73.7912,9.5229,1.8268,2.5494,2.3159,1.7675,69.5626,120.0713,-0.5816572405873862,-0.42197547503499894,-0.11819805073541229,-0.16239357634033316,-0.31977068311274115,0.04096177261545056,140.02213333333333,144.39064285714286,-3.025479655306784,24.484668106771995
Brazil,2021,168.5978,93.1104,5.0966,1.622,6.1556,-1.8298,2.0615,75.8681,145.1254,-0.5816572405873862,-0.42197547503499894,-0.11819805073541229,-0.16239357634033316,-0.31977068311274115,0.04096177261545056,140.02213333333333,144.39064285714286,-3.025479655306784,24.484668106771995
Brazil,2022,159.8783,119.8554,6.1564,5.3359,3.1126,1.839,1.1963,86.2103,148.7267,-0.5816572405873862,-0.42197547503499894,-0.11819805073541229,-0.16239357634033316,-0.31977068311274115,0.04096177261545056,140.02213333333333,144.39064285714286,-3.025479655306784,24.484668106771995
Brazil,2023,156.8273,79.2437,6.7922,5.1879,2.0521,-1.1162,0.2412,68.6172,93.7046,-0.5816572405873862,-0.42197547503499894,-0.11819805073541229,-0.16239357634033316,-0.31977068311274115,0.04096177261545056,140.02213333333333,144.39064285714286,-3.025479655306784,24.484668106771995
Brazil,2024,103.3608,52.9465,3.1609,6.4386,3.2805,1.0746,1.3788,66.5476,145.9969,-0.5816572405873862,-0.42197547503499894,-0.11819805073541229,-0.16239357634033316,-0.31977068311274115,0.04096177261545056,140.02213333333333,144.39064285714286,-3.025479655306784,24.484668106771995
South Korea,2015,158.6345,56.2588,6.7582,5.8956,6.6408,1.7392,1.1469,65.011,149.2935,0.8228704231702094,-0.28790250192657746,-0.17202307731413094,0.36432719963712545,-0.15110039783918347,0.4597241011910155,126.40243333333332,135.44917142857142,-6.679064921418777,27.395712195940035
South Korea,2016,103.1672,115.9912,8.8468,4.5387,3.8325,-0.1546,-0.3822,66.6146,84.9151,0.8228704231702094,-0.28790250192657746,-0.17202307731413094,0.36432719963712545,-0.15110039783918347,0.4597241011910155,126.40243333333332,135.44917142857142,-6.679064921418777,27.395712195940035
South Korea,2017,157.9584,74.5088,3.5206,6.3455,6.2446,5.422,2.4822,65.2169,101.6994,0.8228704231702094,-0.28790250192657746,-0.17202307731413094,0.36432719963712545,-0.15110039783918347,0.4597241011910155,126.40243333333332,135.44917142857142,-6.679064921418777,27.395712195940035
South Korea,2018,155.8238,98.7214,4.3851,5.5792,1.9589,-0.2095,0.8794,77.7882,116.4069,0.8228704231702094,-0.28790250192657746,-0.17202307731413094,0.36432719963712545,-0.15110039783918347,0.4597241011910155,126.40243333333332,135.44917142857142,-6.679064921418777,27.395712195940035
South Korea,2019,89.1487,111.4223,5.3904,2.1476,6.2769,5.6452,2.0174,84.2855,122.4194,0.8228704231702094,-0.28790250192657746,-0.17202307731413094,0.36432719963712545,-0.15110039783918347,0.4597241011910155,126.40243333333332,135.44917142857142,-6.679064921418777,27.395712195940035
South Korea,2020,135.0857,56.0891,6.6761,3.3634,2.1884,3.7874,0.7356,62.4314,87.6147,0.8228704231702094,-0.28790250192657746,-0.17202307731413094,0.36432719963712545,-0.15110039783918347,0.4597241011910155,126.40243333333332,135.44917142857142,-6.679064921418777,27.395712195940035
South Korea,2021,148.3259,55.3292,10.6609,3.9757,3.6238,2.7393,1.8864,70.4343,124.2413,0.8228704231702094,-0.28790250192657746,-0.17202307731413094,0.36432719963712545,-0.15110039783918347,0.4597241011910155,126.40243333333332,135.44917142857142,-6.679064921418777,27.395712195940035
South Korea,2022,136.5732,68.692,10.9077,5.4871,4.7799,4.8047,2.0355,81.2509,136.9611,0.8228704231702094,-0.28790250192657746,-0.17202307731413094,0.36432719963712545,-0.15110039783918347,0.4597241011910155,126.40243333333332,135.44917142857142,-6.679064921418777,27.395712195940035
South Korea,2023,149.7471,97.6099,8.5675,5.2636,1.5309,5.047,2.0515,60.8774,136.0653,0.8228704231702094,-0.28790250192657746,-0.17202307731413094,0.36432719963712545,-0.15110039783918347,0.4597241011910155,126.40243333333332,135.44917142857142,-6.679064921418777,27.395712195940035
South Korea,2024,92.887,73.4583,9.6916,2.3038,5.8168,4.6571,0.7761,60.1916,92.9631,0.8228704231702094,-0.28790250192657746,-0.17202307731413094,0.36432719963712545,-0.15110039783918347,0.4597241011910155,126.40243333333332,135.44917142857142,-6.679064921418777,27.395712195940035
Mexico,2015,141.6927,118.683,8.6863,2.799,4.621,2.3199,1.7295,63.2094,130.8822,0.005993569772753935,-0.30019354089553785,-0.8370829661363642,0.361937196999575,-0.20762033293617488,-0.1039126718391008,122.78593333333333,133.59754285714286,-8.092670937346865,27.614350844209813
Mexico,2016,134.1267,117.4094,6.0768,4.6631,6.5582,-1.1799,2.2803,80.6366,75.427,0.005993569772753935,-0.30019354089553785,-0.8370829661363642,0.361937196999575,-0.20762033293617488,-0.1039126718391008,122.78593333333333,133.59754285714286,-8.092670937346865,27.614350844209813
Mexico,2017,110.0964,99.572,3.6062,4.4109,2.7482,2.9673,-0.8399,86.1461,147.8791,0.005993569772753935,-0.30019354089553785,-0.8370829661363642,0.361937196999575,-0.20762033293617488,-0.1039126718391008,122.78593333333333,133.59754285714286,-8.092670937346865,27.614350844209813
Mexico,2018,176.8878,102.4756,4.1708,5.2913,0.6598,-1.823,0.1326,74.6593,131.6326,0.005993569772753935,-0.30019354089553785,-0.8370829661363642,0.361937196999575,-0.20762033293617488,-0.1039126718391008,122.78593333333333,133.59754285714286,-8.092670937346865,27.614350844209813
Mexico,2019,148.3295,81.2132,5.4626,6.4856,3.2702,1.6111,-0.4273,83.8443,125.4946,0.005993569772753935,-0.30019354089553785,-0.8370829661363642,0.361937196999575,-0.20762033293617488,-0.1039126718391008,122.78593333333333,133.59754285714286,-8.092670937346865,27.614350844209813
Mexico,2020,102.077,55.7667,9.1245,4.7726,2.2762,5.6069,-0.4713,72.97,145.4893,0.005993569772753935,-0.30019354089553785,-0.8370829661363642,0.361937196999575,-0.20762033293617488,-0.1039126718391008,122.78593333333333,133.59754285714286,-8.092670937346865,27.614350844209813
Mexico,2021,121.9727,94.6968,6.5783,2.8711,6.8959,1.2747,2.1293,66.8986,87.0484,0.005993569772753935,-0.30019354089553785,-0.8370829661363642,0.361937196999575,-0.20762033293617488,-0.1039126718391008,122.78593333333333,133.59754285714286,-8.092670937346865,27.614350844209813
Mexico,2022,83.1134,95.6167,6.3167,5.8218,3.5759,5.7455,-0.3507,86.0587,132.1277,0.005993569772753935,-0.30019354089553785,-0.8370829661363642,0.361937196999575,-0.20762033293617488,-0.1039126718391008,122.78593333333333,133.59754285714286,-8.092670937346865,27.614350844209813
Mexico,2023,157.0922,109.1348,9.8492,4.6311,1.3531,-1.7398,2.223,78.4995,133.723,0.005993569772753935,-0.30019354089553785,-0.8370829661363642,0.361937196999575,-0.20762033293617488,-0.1039126718391008,122.78593333333333,133.59754285714286,-8.092670937346865,27.614350844209813
Mexico,2024,128.1522,58.2116,4.1267,4.9278,3.297,-0.3958,0.7206,61.9263,116.5577,0.005993569772753935,-0.30019354089553785,-0.8370829661363642,0.361937196999575,-0.20762033293617488,-0.1039126718391008,122.78593333333333,133.59754285714286,-8.092670937346865,27.614350844209813
South Africa,2015,106.8993,105.8291,5.7933,3.7761,0.5755,-1.4204,0.3737,74.3982,118.0016,-0.24617915666222273,0.3982079301680243,-0.4333876767921222,0.6861385073033055,0.1808622911914576,0.244023781544552,110.34306666666667,116.3507,-5.163383918904941,21.410587763972707
South Africa,2016,109.1663,98.6487,10.7411,5.3993,0.7575,1.8441,-0.6327,67.2614,148.933,-0.24617915666222273,0.3982079301680243,-0.4333876767921222,0.6861385073033055,0.1808622911914576,0.244023781544552,110.34306666666667,116.3507,-5.163383918904941,21.410587763972707
South Africa,2017,94.2496,84.9222,8.5634,5.0123,4.1377,-1.9218,0.1426,75.5313,77.0293,-0.24617915666222273,0.3982079301680243,-0.4333876767921222,0.6861385073033055,0.1808622911914576,0.244023781544552,110.34306666666667,116.3507,-5.163383918904941,21.410587763972707
South Africa,2018,115.0627,52.3242,3.7072,3.4846,1.3627,2.5403,1.4131,84.0176,86.012,-0.24617915666222273,0.3982079301680243,-0.4333876767921222,0.6861385073033055,0.1808622911914576,0.244023781544552,110.34306666666667,116.3507,-5.163383918904941,21.410587763972707
South Africa,2019,96.7483,57.3197,8.7279,5.0324,0.7053,5.4897,-0.8181,76.2389,126.7248,-0.24617915666222273,0.3982079301680243,-0.4333876767921222,0.6861385073033055,0.1808622911914576,0.244023781544552,110.34306666666667,116.3507,-5.163383918904941,21.410587763972707
South Africa,2020,167.0969,99.9861,10.2156,3.1973,5.7964,-1.3591,2.1319,76.4278,135.3838,-0.24617915666222273,0.3982079301680243,-0.4333876767921222,0.6861385073033055,0.1808622911914576,0.244023781544552,110.34306666666667,116.3507,-5.163383918904941,21.410587763972707
South Africa,2021,125.2318,95.0504,7.7376,5.1579,1.0306,-1.5172,-0.1351,64.7863,139.7427,-0.24617915666222273,0.3982079301680243,-0.4333876767921222,0.6861385073033055,0.1808622911914576,0.244023781544552,110.34306666666667,116.3507,-5.163383918904941,21.410587763972707
South Africa,2022,101.9214,118.3106,6.0321,2.4106,5.633,3.2697,0.7437,76.6609,127.5361,-0.24617915666222273,0.3982079301680243,-0.4333876767921222,0.6861385073033055,0.1808622911914576,0.244023781544552,110.34306666666667,116.3507,-5.163383918904941,21.410587763972707
South Africa,2023,102.8455,119.7434,11.7731,4.7516,1.797,3.4418,-0.7473,60.9196,90.6146,-0.24617915666222273,0.3982079301680243,-0.4333876767921222,0.6861385073033055,0.1808622911914576,0.244023781544552,110.34306666666667,116.3507,-5.163383918904941,21.410587763972707
South Africa,2024,126.2623,110.7791,9.5445,5.2135,3.2657,0.7675,0.2986,89.6295,73.2087,-0.24617915666222273,0.3982079301680243,-0.4333876767921222,0.6861385073033055,0.1808622911914576,0.244023781544552,110.34306666666667,116.3507,-5.163383918904941,21.410587763972707
Russia,2015,166.7031,90.5073,6.9475,5.1263,3.6633,4.9874,2.1525,72.6516,92.1462,0.28136843988288307,0.3533362791906529,-0.20369140521866944,-0.34328234196364327,-0.5042037345864185,-0.022119246949904692,100.47519999999999,143.14345714285713,-29.808038728779785,30.953356104442772
Russia,2016,139.235,113.8654,4.896,4.6148,4.6051,3.8649,-0.5395,81.4747,142.7226,0.28136843988288307,0.3533362791906529,-0.20369140521866944,-0.34328234196364327,-0.5042037345864185,-0.022119246949904692,100.47519999999999,143.14345714285713,-29.808038728779785,30.953356104442772
Russia,2017,97.9683,66.628,11.7426,2.4049,6.0535,1.9382,-0.1347,86.1225,105.6244,0.28136843988288307,0.3533362791906529,-0.20369140521866944,-0.34328234196364327,-0.5042037345864185,-0.022119246949904692,100.47519999999999,143.14345714285713,-29.808038728779785,30.953356104442772
Russia,2018,131.4817,75.1463,8.3366,2.3176,3.042,5.7553,-0.0965,79.7021,96.0152,0.28136843988288307,0.3533362791906529,-0.20369140521866944,-0.34328234196364327,-0.5042037345864185,-0.022119246949904692,100.47519999999999,143.14345714285713,-29.808038728779785,30.953356104442772
Russia,2019,157.3473,59.1612,11.7284,3.7689,2.0343,-1.412,-0.4058,75.5932,96.9603,0.28136843988288307,0.3533362791906529,-0.20369140521866944,-0.34328234196364327,-0.5042037345864185,-0.022119246949904692,100.47519999999999,143.14345714285713,-29.808038728779785,30.953356104442772
Russia,2020,162.8883,80.1621,5.2384,4.5857,5.0941,-0.6637,-0.4133,61.1001,128.9122,0.28136843988288307,0.3533362791906529,-0.20369140521866944,-0.34328234196364327,-0.5042037345864185,-0.022119246949904692,100.47519999999999,143.14345714285713,-29.808038728779785,30.953356104442772
Russia,2021,146.3805,83.2242,10.5975,5.5284,4.3048,4.9462,-0.2796,63.3576,91.58,0.28136843988288307,0.3533362791906529,-0.20369140521866944,-0.34328234196364327,-0.5042037345864185,-0.022119246949904692,100.47519999999999,143.14345714285713,-29.808038728779785,30.953356104442772
Russia,2022,85.7087,87.1819,11.4295,1.6967,1.2937,1.6176,2.2686,69.4847,110.5788,0.28136843988288307,0.3533362791906529,-0.20369140521866944,-0.34328234196364327,-0.5042037345864185,-0.022119246949904692,100.47519999999999,143.14345714285713,-29.808038728779785,30.953356104442772
Russia,2023,84.1573,60.384,11.8797,6.3256,0.5321,5.6145,1.2369,86.0375,106.3792,0.28136843988288307,0.3533362791906529,-0.20369140521866944,-0.34328234196364327,-0.5042037345864185,-0.022119246949904692,100.47519999999999,143.14345714285713,-29.808038728779785,30.953356104442772
Russia,2024,131.5596,84.2193,9.0018,2.1983,0.6948,0.4634,1.4664,66.0556,123.8746,0.28136843988288307,0.3533362791906529,-0.20369140521866944,-0.34328234196364327,-0.5042037345864185,-0.022119246949904692,100.47519999999999,143.14345714285713,-29.808038728779785,30.953356104442772
Netherlands,2015,176.9912,56.5731,9.0534,3.7188,6.1429,-0.5828,1.4242,85.1435,145.5691,-0.439968188055925,0.4432574521242714,-0.29858265635400183,-0.4113411495615416,0.5407178061955764,-0.19047026766177508,154.37359999999998,137.90714285714284,11.940249650385867,28.354867929071922
Netherlands,2016,148.3248,84.8022,8.5606,5.8445,4.209,-1.7569,2.2583,80.6858,124.1211,-0.439968188055925,0.4432574521242714,-0.29858265635400183,-0.4113411495615416,0.5407178061955764,-0.19047026766177508,154.37359999999998,137.90714285714284,11.940249650385867,28.354867929071922
Netherlands,2017,101.5675,96.122,6.5448,4.7562,1.1929,3.2628,2.4979,61.4464,148.1739,-0.439968188055925,0.4432574521242714,-0.29858265635400183,-0.4113411495615416,0.5407178061955764,-0.19047026766177508,154.37359999999998,137.90714285714284,11.940249650385867,28.354867929071922
Netherlands,2018,120.6908,110.9527,10.0415,4.3351,5.2999,5.0281,0.4145,69.811,123.4075,-0.439968188055925,0.4432574521242714,-0.29858265635400183,-0.4113411495615416,0.5407178061955764,-0.19047026766177508,154.37359999999998,137.90714285714284,11.940249650385867,28.354867929071922
Netherlands,2019,160.7846,103.36,10.1803,3.6779,5.8159,-1.0383,0.9057,60.1728,95.9669,-0.439968188055925,0.4432574521242714,-0.29858265635400183,-0.4113411495615416,0.5407178061955764,-0.19047026766177508,154.37359999999998,137.90714285714284,11.940249650385867,28.354867929071922
Netherlands,2020,116.6462,77.7321,9.2592,3.4428,3.4165,-0.0996,0.3064,66.8181,75.8557,-0.439968188055925,0.4432574521242714,-0.29858265635400183,-0.4113411495615416,0.5407178061955764,-0.19047026766177508,154.37359999999998,137.90714285714284,11.940249650385867,28.354867929071922
Netherlands,2021,140.3449,96.7749,8.5754,3.8175,2.9686,4.9067,0.8168,74.3755,72.0514,-0.439968188055925,0.4432574521242714,-0.29858265635400183,-0.4113411495615416,0.5407178061955764,-0.19047026766177508,154.37359999999998,137.90714285714284,11.940249650385867,28.354867929071922
Netherlands,2022,114.1248,76.6137,6.5894,4.4009,3.9684,2.8632,1.6771,84.3896,127.4498,-0.439968188055925,0.4432574521242714,-0.29858265635400183,-0.4113411495615416,0.5407178061955764,-0.19047026766177508,154.37359999999998,137.90714285714284,11.940249650385867,28.354867929071922
Netherlands,2023,175.5524,51.2763,4.762,1.5378,4.7086,5.1842,-0.1478,87.811,74.8214,-0.439968188055925,0.4432574521242714,-0.29858265635400183,-0.4113411495615416,0.5407178061955764,-0.19047026766177508,154.37359999999998,137.90714285714284,11.940249650385867,28.354867929071922
Netherlands,2024,173.4436,74.6136,3.9128,3.9294,2.169,0.279,0.0755,84.0908,113.1329,-0.439968188055925,0.4432574521242714,-0.29858265635400183,-0.4113411495615416,0.5407178061955764,-0.19047026766177508,154.37359999999998,137.90714285714284,11.940249650385867,28.354867929071922
Sweden,2015,111.1308,92.7234,9.4454,2.8631,3.1881,-1.0249,-0.366,80.4335,84.5151,-0.24562032792964134,0.10340341886397697,0.26287711982860906,0.43132325375101505,0.7945783750773002,-0.373701113433356,112.72143333333334,123.45661428571428,-8.695508956317749,30.567871251226435
Sweden,2016,132.5163,99.6332,3.9619,4.3366,2.1677,5.7034,0.6924,84.1798,114.0181,-0.24562032792964134,0.10340341886397697,0.26287711982860906,0.43132325375101505,0.7945783750773002,-0.373701113433356,112.72143333333334,123.45661428571428,-8.695508956317749,30.567871251226435
Sweden,2017,84.3413,94.3206,11.5626,4.5081,5.8247,5.0737,-0.2017,66.3613,118.8785,-0.24562032792964134,0.10340341886397697,0.26287711982860906,0.43132325375101505,0.7945783750773002,-0.373701113433356,112.72143333333334,123.45661428571428,-8.695508956317749,30.567871251226435
Sweden,2018,121.1028,108.7903,11.1002,3.2671,2.0397,4.2442,-0.0382,84.6784,103.8991,-0.24562032792964134,0.10340341886397697,0.26287711982860906,0.43132325375101505,0.7945783750773002,-0.373701113433356,112.72143333333334,123.45661428571428,-8.695508956317749,30.567871251226435
Sweden,2019,146.755,56.6875,8.6147,3.7588,4.313,-0.6559,1.5791,85.8839,87.3392,-0.24562032792964134,0.10340341886397697,0.26287711982860906,0.43132325375101505,0.7945783750773002,-0.373701113433356,112.72143333333334,123.45661428571428,-8.695508956317749,30.567871251226435
Sweden,2020,89.5715,51.6547,8.7777,4.5355,4.0535,-0.1444,0.3682,77.8343,109.7413,-0.24562032792964134,0.10340341886397697,0.26287711982860906,0.43132325375101505,0.7945783750773002,-0.373701113433356,112.72143333333334,123.45661428571428,-8.695508956317749,30.567871251226435
Sweden,2021,178.7786,59.5508,9.2563,3.5216,3.2833,3.7408,1.4235,89.7377,80.2715,-0.24562032792964134,0.10340341886397697,0.26287711982860906,0.43132325375101505,0.7945783750773002,-0.373701113433356,112.72143333333334,123.45661428571428,-8.695508956317749,30.567871251226435
Sweden,2022,90.411,100.7037,8.2055,2.8708,1.0162,-1.3147,2.1297,65.756,95.8697,-0.24562032792964134,0.10340341886397697,0.26287711982860906,0.43132325375101505,0.7945783750773002,-0.373701113433356,112.72143333333334,123.45661428571428,-8.695508956317749,30.567871251226435
Sweden,2023,102.6656,74.8497,3.6248,4.0953,0.9395,4.4029,-0.182,76.2004,140.4063,-0.24562032792964134,0.10340341886397697,0.26287711982860906,0.43132325375101505,0.7945783750773002,-0.373701113433356,112.72143333333334,123.45661428571428,-8.695508956317749,30.567871251226435
Sweden,2024,145.0877,87.307,5.919,3.165,4.8517,5.9531,1.3164,76.7335,128.452,-0.24562032792964134,0.10340341886397697,0.26287711982860906,0.43132325375101505,0.7945783750773002,-0.373701113433356,112.72143333333334,123.45661428571428,-8.695508956317749,30.567871251226435
Switzerland,2015,126.5206,54.21,8.0607,6.2881,1.6395,3.52,-0.2967,76.0748,77.7341,0.04023387491471748,0.343869055018564,-0.09323579518750746,-0.07646921781868121,0.12826550507067994,-0.04174465269949438,135.1214,150.41980000000004,-10.17046957913788,21.890333121205202
Switzerland,2016,125.0371,102.9314,6.1281,4.8246,5.6704,5.4174,-0.1788,71.9795,82.1933,0.04023387491471748,0.343869055018564,-0.09323579518750746,-0.07646921781868121,0.12826550507067994,-0.04174465269949438,135.1214,150.41980000000004,-10.17046957913788,21.890333121205202
Switzerland,2017,179.2484,114.8901,7.8596,5.7102,3.8862,2.9887,-0.6881,82.6581,80.2171,0.04023387491471748,0.343869055018564,-0.09323579518750746,-0.07646921781868121,0.12826550507067994,-0.04174465269949438,135.1214,150.41980000000004,-10.17046957913788,21.890333121205202
Switzerland,2018,162.6068,104.742,9.3787,1.6808,2.4703,0.1049,0.2605,62.6293,144.9566,0.04023387491471748,0.343869055018564,-0.09323579518750746,-0.07646921781868121,0.12826550507067994,-0.04174465269949438,135.1214,150.41980000000004,-10.17046957913788,21.890333121205202
Switzerland,2019,135.3802,71.3867,6.5728,3.736,4.4039,2.1254,2.2179,74.9089,149.3726,0.04023387491471748,0.343869055018564,-0.09323579518750746,-0.07646921781868121,0.12826550507067994,-0.04174465269949438,135.1214,150.41980000000004,-10.17046957913788,21.890333121205202
Switzerland,2020,165.1425,64.5957,11.3754,2.0818,5.8134,1.045,2.0729,86.0417,134.474,0.04023387491471748,0.343869055018564,-0.09323579518750746,-0.07646921781868121,0.12826550507067994,-0.04174465269949438,135.1214,150.41980000000004,-10.17046957913788,21.890333121205202
Switzerland,2021,159.003,71.3275,3.7283,3.5149,1.6279,3.5596,0.2113,89.2683,121.2778,0.04023387491471748,0.343869055018564,-0.09323579518750746,-0.07646921781868121,0.12826550507067994,-0.04174465269949438,135.1214,150.41980000000004,-10.17046957913788,21.890333121205202
Switzerland,2022,162.2481,59.2767,10.7581,6.1138,3.6659,2.85,1.6768,65.2452,110.2053,0.04023387491471748,0.343869055018564,-0.09323579518750746,-0.07646921781868121,0.12826550507067994,-0.04174465269949438,135.1214,150.41980000000004,-10.17046957913788,21.890333121205202
Switzerland,2023,119.8663,60.2462,6.3078,1.8409,0.6678,-0.9187,2.3709,76.4859,147.2658,0.04023387491471748,0.343869055018564,-0.09323579518750746,-0.07646921781868121,0.12826550507067994,-0.04174465269949438,135.1214,150.41980000000004,-10.17046957913788,21.890333121205202
Switzerland,2024,123.2498,71.8271,7.5553,3.6976,1.1868,3.1266,-0.2439,78.5876,122.0161,0.04023387491471748,0.343869055018564,-0.09323579518750746,-0.07646921781868121,0.12826550507067994,-0.04174465269949438,135.1214,150.41980000000004,-10.17046957913788,21.890333121205202
UAE,2015,95.2025,54.2945,10.0269,3.799,0.8781,5.9589,-0.7978,80.8511,148.6943,0.010834716131469687,0.07686877567917559,-0.27127771236822495,0.5852462277399384,-0.3866366511574989,-0.4697211209092872,151.8082,113.86537142857142,33.32253528477742,34.449996268820954
UAE,2016,103.918,59.9575,4.0925,3.0164,1.1568,3.5373,-0.782,75.2827,149.7357,0.010834716131469687,0.07686877567917559,-0.27127771236822495,0.5852462277399384,-0.3866366511574989,-0.4697211209092872,151.8082,113.86537142857142,33.32253528477742,34.449996268820954
UAE,2017,161.397,93.0654,5.7563,4.6195,3.9258,1.4087,-0.5425,86.5981,105.9828,0.010834716131469687,0.07686877567917559,-0.27127771236822495,0.5852462277399384,-0.3866366511574989,-0.4697211209092872,151.8082,113.86537142857142,33.32253528477742,34.449996268820954
UAE,2018,99.4623,75.7432,6.7272,5.6377,5.2685,4.1544,-0.9614,72.4846,108.5075,0.010834716131469687,0.07686877567917559,-0.27127771236822495,0.5852462277399384,-0.3866366511574989,-0.4697211209092872,151.8082,113.86537142857142,33.32253528477742,34.449996268820954
UAE,2019,81.9192,68.1869,9.8426,2.1855,3.9795,-0.2784,-0.9576,67.236,148.0699,0.010834716131469687,0.07686877567917559,-0.27127771236822495,0.5852462277399384,-0.3866366511574989,-0.4697211209092872,151.8082,113.86537142857142,33.32253528477742,34.449996268820954
UAE,2020,160.1537,117.1704,7.3907,2.0487,4.0617,1.635,1.9552,62.9425,109.0593,0.010834716131469687,0.07686877567917559,-0.27127771236822495,0.5852462277399384,-0.3866366511574989,-0.4697211209092872,151.8082,113.86537142857142,33.32253528477742,34.449996268820954
UAE,2021,95.0049,72.7273,9.6362,3.8801,2.9433,1.1558,0.6081,83.5505,141.3668,0.010834716131469687,0.07686877567917559,-0.27127771236822495,0.5852462277399384,-0.3866366511574989,-0.4697211209092872,151.8082,113.86537142857142,33.32253528477742,34.449996268820954
UAE,2022,175.5335,105.0832,5.8387,4.9407,3.3444,0.0374,1.9431,61.1528,142.141,0.010834716131469687,0.07686877567917559,-0.27127771236822495,0.5852462277399384,-0.3866366511574989,-0.4697211209092872,151.8082,113.86537142857142,33.32253528477742,34.449996268820954
UAE,2023,126.1477,94.6041,8.9342,5.9756,4.6384,2.9115,-0.7667,75.5522,82.0135,0.010834716131469687,0.07686877567917559,-0.27127771236822495,0.5852462277399384,-0.3866366511574989,-0.4697211209092872,151.8082,113.86537142857142,33.32253528477742,34.449996268820954
UAE,2024,153.7434,85.8555,9.1221,1.7084,1.0511,3.7306,-0.7477,62.1377,70.9687,0.010834716131469687,0.07686877567917559,-0.27127771236822495,0.5852462277399384,-0.3866366511574989,-0.4697211209092872,151.8082,113.86537142857142,33.32253528477742,34.449996268820954
